<ImportExportXml version="9.1.0.15623" SolutionPackageVersion="9.1" languagecode="1033" generatedBy="CrmLive" xmlns:xsi="http://www.w3.org/2001/XMLSchema-instance">
  <SolutionManifest>
    <UniqueName>PreventBackwardBPFMovement</UniqueName>
    <LocalizedNames>
      <LocalizedName description="Prevent Backward BPF Movement" languagecode="1033" />
    </LocalizedNames>
    <Descriptions />
    <Version>1.0.0.2</Version>
    <Managed>1</Managed>
    <Publisher>
      <UniqueName>Crdf5c9</UniqueName>
      <LocalizedNames>
        <LocalizedName description="CDS Default Publisher" languagecode="1033" />
      </LocalizedNames>
      <Descriptions />
      <EMailAddress xsi:nil="true"></EMailAddress>
      <SupportingWebsiteUrl xsi:nil="true"></SupportingWebsiteUrl>
      <CustomizationPrefix>crcad</CustomizationPrefix>
      <CustomizationOptionValuePrefix>91310</CustomizationOptionValuePrefix>
      <Addresses>
        <Address>
          <AddressNumber>1</AddressNumber>
          <AddressTypeCode xsi:nil="true"></AddressTypeCode>
          <City xsi:nil="true"></City>
          <County xsi:nil="true"></County>
          <Country xsi:nil="true"></Country>
          <Fax xsi:nil="true"></Fax>
          <FreightTermsCode xsi:nil="true"></FreightTermsCode>
          <ImportSequenceNumber xsi:nil="true"></ImportSequenceNumber>
          <Latitude xsi:nil="true"></Latitude>
          <Line1 xsi:nil="true"></Line1>
          <Line2 xsi:nil="true"></Line2>
          <Line3 xsi:nil="true"></Line3>
          <Longitude xsi:nil="true"></Longitude>
          <Name xsi:nil="true"></Name>
          <PostalCode xsi:nil="true"></PostalCode>
          <PostOfficeBox xsi:nil="true"></PostOfficeBox>
          <PrimaryContactName xsi:nil="true"></PrimaryContactName>
          <ShippingMethodCode xsi:nil="true"></ShippingMethodCode>
          <StateOrProvince xsi:nil="true"></StateOrProvince>
          <Telephone1 xsi:nil="true"></Telephone1>
          <Telephone2 xsi:nil="true"></Telephone2>
          <Telephone3 xsi:nil="true"></Telephone3>
          <TimeZoneRuleVersionNumber xsi:nil="true"></TimeZoneRuleVersionNumber>
          <UPSZone xsi:nil="true"></UPSZone>
          <UTCOffset xsi:nil="true"></UTCOffset>
          <UTCConversionTimeZoneCode xsi:nil="true"></UTCConversionTimeZoneCode>
        </Address>
        <Address>
          <AddressNumber>2</AddressNumber>
          <AddressTypeCode xsi:nil="true"></AddressTypeCode>
          <City xsi:nil="true"></City>
          <County xsi:nil="true"></County>
          <Country xsi:nil="true"></Country>
          <Fax xsi:nil="true"></Fax>
          <FreightTermsCode xsi:nil="true"></FreightTermsCode>
          <ImportSequenceNumber xsi:nil="true"></ImportSequenceNumber>
          <Latitude xsi:nil="true"></Latitude>
          <Line1 xsi:nil="true"></Line1>
          <Line2 xsi:nil="true"></Line2>
          <Line3 xsi:nil="true"></Line3>
          <Longitude xsi:nil="true"></Longitude>
          <Name xsi:nil="true"></Name>
          <PostalCode xsi:nil="true"></PostalCode>
          <PostOfficeBox xsi:nil="true"></PostOfficeBox>
          <PrimaryContactName xsi:nil="true"></PrimaryContactName>
          <ShippingMethodCode xsi:nil="true"></ShippingMethodCode>
          <StateOrProvince xsi:nil="true"></StateOrProvince>
          <Telephone1 xsi:nil="true"></Telephone1>
          <Telephone2 xsi:nil="true"></Telephone2>
          <Telephone3 xsi:nil="true"></Telephone3>
          <TimeZoneRuleVersionNumber xsi:nil="true"></TimeZoneRuleVersionNumber>
          <UPSZone xsi:nil="true"></UPSZone>
          <UTCOffset xsi:nil="true"></UTCOffset>
          <UTCConversionTimeZoneCode xsi:nil="true"></UTCConversionTimeZoneCode>
        </Address>
      </Addresses>
    </Publisher>
    <RootComponents>
      <RootComponent type="1" schemaName="new_opportunityprocessflow" behavior="0" />
      <RootComponent type="1" schemaName="processsession" behavior="2" />
      <RootComponent type="1" schemaName="syncerror" behavior="2" />
      <RootComponent type="29" id="{fb01221f-2b75-4569-9503-8bf9de73c944}" behavior="0" />
      <RootComponent type="62" schemaName="crcad_OpportunityApp" behavior="0" />
      <RootComponent type="80" schemaName="crcad_OpportunityApp" behavior="0" />
      <RootComponent type="91" id="{6850f888-78d2-4d87-a38d-da837c03cfa4}" schemaName="Block Backward Business Process Flow Movement, Version=1.0.0.0, Culture=neutral, PublicKeyToken=c19f2db54532a7fe" behavior="0" />
      <RootComponent type="92" id="{7393ce15-3c6c-ea11-a811-000d3af42ac9}" behavior="0" />
    </RootComponents>
    <MissingDependencies>
      <MissingDependency>
        <Required key="0" type="1" schemaName="opportunity" displayName="Opportunity" solution="msdynce_Sales (9.0.4.0076)" />
        <Dependent key="1" type="26" schemaName="Active Opportunity Process Flow on my Opportunities" displayName="Active Opportunity Process Flow on my Opportunities" parentSchemaName="new_opportunityprocessflow" parentDisplayName="Opportunity Process Flow" id="{dfae5157-1eb8-4951-bc55-d13ca021b4ea}" />
      </MissingDependency>
      <MissingDependency>
        <Required key="0" type="1" schemaName="opportunity" displayName="Opportunity" solution="msdynce_Sales (9.0.4.0076)" />
        <Dependent key="2" type="80" schemaName="crcad_OpportunityApp" displayName="Opportunity App" />
      </MissingDependency>
      <MissingDependency>
        <Required key="3" type="1" schemaName="opportunitysalesprocess" displayName="Opportunity Sales Process" solution="msdynce_Sales (9.0.4.0076)" />
        <Dependent key="2" type="80" schemaName="crcad_OpportunityApp" displayName="Opportunity App" />
      </MissingDependency>
      <MissingDependency>
        <Required key="0" type="1" schemaName="opportunity" displayName="Opportunity" solution="msdynce_Sales (9.0.4.0076)" />
        <Dependent key="4" type="26" schemaName="Inactive Opportunity Process Flow on my Opportunities" displayName="Inactive Opportunity Process Flow on my Opportunities" parentSchemaName="new_opportunityprocessflow" parentDisplayName="Opportunity Process Flow" id="{e31af7a7-9510-4cdf-909f-ef82f70207c0}" />
      </MissingDependency>
      <MissingDependency>
        <Required key="0" type="1" schemaName="opportunity" displayName="Opportunity" solution="msdynce_Sales (9.0.4.0076)" />
        <Dependent key="5" type="29" displayName="Opportunity Process Flow" id="{fb01221f-2b75-4569-9503-8bf9de73c944}" />
      </MissingDependency>
      <MissingDependency>
        <Required key="0" type="1" schemaName="opportunity" displayName="Opportunity" solution="msdynce_Sales (9.0.4.0076)" />
        <Dependent key="6" type="62" schemaName="crcad_OpportunityApp" />
      </MissingDependency>
      <MissingDependency>
        <Required key="0" type="1" schemaName="opportunity" displayName="Opportunity" solution="msdynce_Sales (9.0.4.0076)" />
        <Dependent key="7" type="10" schemaName="bpf_opportunity_new_opportunityprocessflow" displayName="bpf_opportunity_new_opportunityprocessflow" parentSchemaName="opportunity" parentDisplayName="Opportunity" />
      </MissingDependency>
      <MissingDependency>
        <Required key="8" type="2" schemaName="name" displayName="Topic" parentSchemaName="opportunity" parentDisplayName="Opportunity" solution="msdynce_Sales (9.0.4.0076)" />
        <Dependent key="7" type="10" schemaName="bpf_opportunity_new_opportunityprocessflow" displayName="bpf_opportunity_new_opportunityprocessflow" parentSchemaName="opportunity" parentDisplayName="Opportunity" />
      </MissingDependency>
      <MissingDependency>
        <Required key="9" type="2" schemaName="opportunityid" displayName="Opportunity" parentSchemaName="opportunity" parentDisplayName="Opportunity" solution="msdynce_Sales (9.0.4.0076)" />
        <Dependent key="5" type="29" displayName="Opportunity Process Flow" id="{fb01221f-2b75-4569-9503-8bf9de73c944}" />
      </MissingDependency>
      <MissingDependency>
        <Required key="10" type="2" schemaName="actualclosedate" displayName="Actual Close Date" parentSchemaName="opportunity" parentDisplayName="Opportunity" solution="msdynce_Sales (9.0.4.0076)" />
        <Dependent key="5" type="29" displayName="Opportunity Process Flow" id="{fb01221f-2b75-4569-9503-8bf9de73c944}" />
      </MissingDependency>
      <MissingDependency>
        <Required key="11" type="2" schemaName="budgetamount" displayName="Budget Amount" parentSchemaName="opportunity" parentDisplayName="Opportunity" solution="msdynce_Sales (9.0.4.0076)" />
        <Dependent key="5" type="29" displayName="Opportunity Process Flow" id="{fb01221f-2b75-4569-9503-8bf9de73c944}" />
      </MissingDependency>
      <MissingDependency>
        <Required key="8" type="2" schemaName="name" displayName="Topic" parentSchemaName="opportunity" parentDisplayName="Opportunity" solution="msdynce_Sales (9.0.4.0076)" />
        <Dependent key="5" type="29" displayName="Opportunity Process Flow" id="{fb01221f-2b75-4569-9503-8bf9de73c944}" />
      </MissingDependency>
      <MissingDependency>
        <Required key="12" type="2" schemaName="parentaccountid" displayName="Account" parentSchemaName="opportunity" parentDisplayName="Opportunity" solution="msdynce_Sales (9.0.4.0076)" />
        <Dependent key="5" type="29" displayName="Opportunity Process Flow" id="{fb01221f-2b75-4569-9503-8bf9de73c944}" />
      </MissingDependency>
      <MissingDependency>
        <Required key="13" type="2" schemaName="actualvalue" displayName="Actual Revenue" parentSchemaName="opportunity" parentDisplayName="Opportunity" solution="msdynce_Sales (9.0.4.0076)" />
        <Dependent key="5" type="29" displayName="Opportunity Process Flow" id="{fb01221f-2b75-4569-9503-8bf9de73c944}" />
      </MissingDependency>
      <MissingDependency>
        <Required key="14" type="2" schemaName="ownerid" displayName="Owner" parentSchemaName="opportunity" parentDisplayName="Opportunity" solution="msdynce_Sales (9.0.4.0076)" />
        <Dependent key="4" type="26" schemaName="Inactive Opportunity Process Flow on my Opportunities" displayName="Inactive Opportunity Process Flow on my Opportunities" parentSchemaName="new_opportunityprocessflow" parentDisplayName="Opportunity Process Flow" id="{e31af7a7-9510-4cdf-909f-ef82f70207c0}" />
      </MissingDependency>
      <MissingDependency>
        <Required key="9" type="2" schemaName="opportunityid" displayName="Opportunity" parentSchemaName="opportunity" parentDisplayName="Opportunity" solution="msdynce_Sales (9.0.4.0076)" />
        <Dependent key="4" type="26" schemaName="Inactive Opportunity Process Flow on my Opportunities" displayName="Inactive Opportunity Process Flow on my Opportunities" parentSchemaName="new_opportunityprocessflow" parentDisplayName="Opportunity Process Flow" id="{e31af7a7-9510-4cdf-909f-ef82f70207c0}" />
      </MissingDependency>
      <MissingDependency>
        <Required key="10" type="2" schemaName="actualclosedate" displayName="Actual Close Date" parentSchemaName="opportunity" parentDisplayName="Opportunity" solution="msdynce_Sales (9.0.4.0076)" />
        <Dependent key="15" type="60" displayName="Information" parentDisplayName="Opportunity Process Flow" id="{266b7c29-d24b-4ef4-9ae4-d22ed54e83c0}" />
      </MissingDependency>
      <MissingDependency>
        <Required key="13" type="2" schemaName="actualvalue" displayName="Actual Revenue" parentSchemaName="opportunity" parentDisplayName="Opportunity" solution="msdynce_Sales (9.0.4.0076)" />
        <Dependent key="15" type="60" displayName="Information" parentDisplayName="Opportunity Process Flow" id="{266b7c29-d24b-4ef4-9ae4-d22ed54e83c0}" />
      </MissingDependency>
      <MissingDependency>
        <Required key="11" type="2" schemaName="budgetamount" displayName="Budget Amount" parentSchemaName="opportunity" parentDisplayName="Opportunity" solution="msdynce_Sales (9.0.4.0076)" />
        <Dependent key="15" type="60" displayName="Information" parentDisplayName="Opportunity Process Flow" id="{266b7c29-d24b-4ef4-9ae4-d22ed54e83c0}" />
      </MissingDependency>
      <MissingDependency>
        <Required key="12" type="2" schemaName="parentaccountid" displayName="Account" parentSchemaName="opportunity" parentDisplayName="Opportunity" solution="msdynce_Sales (9.0.4.0076)" />
        <Dependent key="15" type="60" displayName="Information" parentDisplayName="Opportunity Process Flow" id="{266b7c29-d24b-4ef4-9ae4-d22ed54e83c0}" />
      </MissingDependency>
      <MissingDependency>
        <Required key="9" type="2" schemaName="opportunityid" displayName="Opportunity" parentSchemaName="opportunity" parentDisplayName="Opportunity" solution="msdynce_Sales (9.0.4.0076)" />
        <Dependent key="7" type="10" schemaName="bpf_opportunity_new_opportunityprocessflow" displayName="bpf_opportunity_new_opportunityprocessflow" parentSchemaName="opportunity" parentDisplayName="Opportunity" />
      </MissingDependency>
      <MissingDependency>
        <Required key="14" type="2" schemaName="ownerid" displayName="Owner" parentSchemaName="opportunity" parentDisplayName="Opportunity" solution="msdynce_Sales (9.0.4.0076)" />
        <Dependent key="1" type="26" schemaName="Active Opportunity Process Flow on my Opportunities" displayName="Active Opportunity Process Flow on my Opportunities" parentSchemaName="new_opportunityprocessflow" parentDisplayName="Opportunity Process Flow" id="{dfae5157-1eb8-4951-bc55-d13ca021b4ea}" />
      </MissingDependency>
      <MissingDependency>
        <Required key="9" type="2" schemaName="opportunityid" displayName="Opportunity" parentSchemaName="opportunity" parentDisplayName="Opportunity" solution="msdynce_Sales (9.0.4.0076)" />
        <Dependent key="1" type="26" schemaName="Active Opportunity Process Flow on my Opportunities" displayName="Active Opportunity Process Flow on my Opportunities" parentSchemaName="new_opportunityprocessflow" parentDisplayName="Opportunity Process Flow" id="{dfae5157-1eb8-4951-bc55-d13ca021b4ea}" />
      </MissingDependency>
      <MissingDependency>
        <Required key="16" type="61" schemaName="msdyn_/Images/AppModule_Default_Icon.png" displayName="msdyn_/Images/AppModule_Default_Icon.png" solution="AppModuleWebResources (2.5)" />
        <Dependent key="2" type="80" schemaName="crcad_OpportunityApp" displayName="Opportunity App" />
      </MissingDependency>
    </MissingDependencies>
  </SolutionManifest>
</ImportExportXml>